{"20": {"(move-south0 person1 g1 g0)": -8.317542617805618, "(move-south1 person1 g1 g0 g2)": -9.479579020414374, "(move-north0 person1 g1 g2)": -8.33472685449959, "(move-north1 person1 g1 g2 g0)": -6.542624350432341}, "21": {"(move-south1 person1 g2 g1 g3)": -5.938361915389107, "(move-south0 person1 g2 g1)": -6.71995622458518, "(move-north1 person1 g2 g3 g1)": -5.169630196027713, "(move-north0 person1 g2 g3)": -5.326276637089211}, "22": {"(move-south1 person1 g3 g2 g4)": -5.3945257238501965, "(move-north0 person1 g3 g4)": -4.922658382520596, "(move-south0 person1 g3 g2)": -4.068355668438035, "(move-north1 person1 g3 g4 g2)": -4.84364897338029}, "23": {"(pick-food person1 g4 food1)": -4.134285421206016, "(move-south0 person1 g4 g3)": -3.3998680914348087}, "1": {"(move-east0 person1 c00 c0)": -148.893655442785}, "3": {"(move-east0 person1 c0 c1)": -138.61024091148363, "(move-west0 person1 c0 c00)": -167.75031009001754, "(move-west3 person1 c0 c00 c1)": -158.92750286879124}, "5": {"(move-east0 person1 c2 c3)": -117.9245927063124, "(move-west3 person1 c2 c1 c3)": -67.19829639690927, "(move-west0 person1 c2 c1)": -35.596003677263624}, "4": {"(move-west3 person1 c1 c0 c2)": -129.14345219278934, "(move-east0 person1 c1 c2)": -127.01246075955339, "(move-west0 person1 c1 c0)": -137.09957370458847}, "7": {"(move-south1 person1 g0 c3 g1)": -90.09141152464412, "(move-south1 person1 d0 d1 c3)": -3.20203117935515, "(move-north1 person1 g0 g1 c3)": -44.79198154297215, "(move-north0 person1 d0 c3)": 0, "(move-north0 person1 g0 g1)": -98.14133779012832, "(move-south0 person1 d0 d1)": 0, "(move-north1 person1 d0 c3 d1)": -3.8358409621668517, "(move-south0 person1 g0 c3)": -76.42330965691262}, "6": {"(move-west1 person1 c3 c2 g0)": -82.83669909066639, "(move-north2 person1 c3 g0 c2)": -30.8222050321786, "(move-west2 person1 c3 c2 g0)": -33.206589627019916, "(move-north0 person1 c3 g0)": -107.7568057495625, "(move-north1 person1 c3 g0 d0)": -49.34278924214589, "(move-south1 person1 c3 d0 g0)": -40.57291880063195, "(move-south2 person1 c3 d0 c2)": -70.57619044613355, "(move-west0 person1 c3 c2)": -60.638789186355346, "(move-south0 person1 c3 d0)": -54.69660185564982}, "9": {"(move-north0 person1 g2 g3)": -1.3840682004876252, "(move-south0 person1 d2 d3)": 0, "(move-north0 person1 g1 g2)": -16.003189232831016, "(move-north1 person1 d2 d1 d3)": 0, "(move-south1 person1 d2 d3 d1)": -2.272802656774914, "(move-north1 person1 g2 g3 g1)": -3.818457845821744, "(move-south1 person1 g2 g1 g3)": 0, "(move-south0 person1 g2 g1)": -4.237175384246382, "(move-south1 person1 g1 g0 g2)": -10.782420690779018, "(move-north0 person1 d2 d1)": -2.5197807297499044, "(move-south1 person1 d1 d2 d0)": -14.309697499116961, "(move-north1 person1 d1 d0 d2)": -38.892181640314355, "(move-south0 person1 g1 g0)": -18.751243931807053, "(move-south0 person1 d1 d2)": -15.801837118986336, "(move-north0 person1 d1 d0)": -54.20306380248333, "(move-north1 person1 g1 g2 g0)": -14.490914401577173}, "8": {"(move-north1 person1 d0 c3 d1)": -60.17007089164814, "(move-north0 person1 g1 g2)": -4.596861538051536, "(move-north0 person1 d0 c3)": -50.776463884738966, "(move-south1 person1 d1 d2 d0)": 0, "(move-south0 person1 g1 g0)": -5.102068375612817, "(move-south1 person1 g1 g0 g2)": -6.291323864296674, "(move-south0 person1 d0 d1)": -64.88031439316211, "(move-north1 person1 d1 d0 d2)": 0, "(move-south0 person1 d1 d2)": -2.6886452552776716, "(move-south1 person1 d0 d1 c3)": -37.92682878297287, "(move-north0 person1 d1 d0)": -2.981828061419635, "(move-north1 person1 g1 g2 g0)": -1.4822980005418058}, "epsilon": 0.1, "alpha": 0.1, "11": {"(move-north0 person1 d4 d3)": -1.9859701519876807, "(pick-food person1 g4 food1)": -2.7266199982049417, "(move-north1 person1 d3 d2 d4)": 0, "(move-north0 person1 g3 g4)": 0, "(move-south0 person1 g4 g3)": -1.2660952423949765, "(move-north1 person1 g3 g4 g2)": -5.964499934328294, "(move-south1 person1 g3 g2 g4)": -7.995884683577906, "(move-south0 person1 d3 d4)": 0, "(move-south0 person1 g3 g2)": -8.878760759531007, "(move-south1 person1 d3 d4 d2)": -11.685854974284739, "(move-north0 person1 d3 d2)": -20.450690458341214}, "10": {"(move-south0 person1 d2 d3)": -12.928727749205265, "(move-north0 person1 g3 g4)": 0, "(move-north0 person1 g2 g3)": -9.754178621701117, "(move-north1 person1 d3 d2 d4)": -2.0955223910974228, "(move-south0 person1 d3 d4)": 0, "(move-north1 person1 d2 d1 d3)": -18.455621412507092, "(move-south1 person1 d2 d3 d1)": -22.667433842601348, "(move-south0 person1 g3 g2)": 0, "(move-north1 person1 g3 g4 g2)": -1.2956613804388626, "(move-south1 person1 g2 g1 g3)": -11.832640665277511, "(move-south1 person1 g3 g2 g4)": -3.48661206123957, "(move-south0 person1 g2 g1)": -7.296296215220115, "(move-north1 person1 g2 g3 g1)": -6.5716665936981045, "(move-south1 person1 d3 d4 d2)": 0, "(move-north0 person1 d2 d1)": -30.815731314208023, "(move-north0 person1 d3 d2)": 0}, "13": {"(move-north0 person1 d4 d3)": -9.946413152186244, "(pick-food person1 d4 food2)": -22.785553182241365}, "12": {"(move-north0 person1 d4 d3)": -10.617269476856267, "(pick-food person1 d4 food2)": -9.721084917377976, "(pick-food person1 g4 food1)": -4.426244946805919, "(move-south0 person1 g4 g3)": -5.468049940895464}, "15": {"(move-south0 person1 d2 d3)": -17.71058473694676, "(move-north1 person1 d2 d1 d3)": -15.64029002744216, "(move-south1 person1 d2 d3 d1)": -16.573849205517313, "(move-north0 person1 d2 d1)": -15.348995644460505}, "14": {"(move-south1 person1 d3 d4 d2)": -20.457202882961838, "(move-south0 person1 d3 d4)": -19.56872868428118, "(move-north0 person1 d3 d2)": -16.68393620336548, "(move-north1 person1 d3 d2 d4)": -21.30595119002206}, "17": {"(move-north1 person1 d0 c3 d1)": -11.711717234140108, "(move-south1 person1 d0 d1 c3)": -2.8442743390095977, "(move-north0 person1 d0 c3)": -13.092889089897605, "(move-south0 person1 d0 d1)": -2.072452410710122}, "16": {"(move-north1 person1 d1 d0 d2)": -14.367418510799176, "(move-south0 person1 d1 d2)": -4.215396311443679, "(move-north0 person1 d1 d0)": -14.072400805175784, "(move-south1 person1 d1 d2 d0)": -12.864197398555662}, "19": {"(move-south1 person1 g0 c3 g1)": -10.700240162817062, "(move-north1 person1 g0 g1 c3)": -7.656122293168278, "(move-north0 person1 g0 g1)": -10.477310022682637, "(move-south0 person1 g0 c3)": -11.157872897897104}, "18": {"(move-west1 person1 c3 c2 g0)": -9.680216146535356, "(move-north2 person1 c3 g0 c2)": -11.833600180907846, "(move-west2 person1 c3 c2 g0)": -7.856007677319327, "(move-north1 person1 c3 g0 d0)": -10.590545510726098, "(move-north0 person1 c3 g0)": -8.723341863688141, "(move-south1 person1 c3 d0 g0)": -1.3090936316001982, "(move-south2 person1 c3 d0 c2)": -1.4988810266669113, "(move-west0 person1 c3 c2)": -1.6598678074076794, "(move-south0 person1 c3 d0)": -1.7831864526751993}, "files index": 24, "gamma": 0.6}